<?xml version="1.0" encoding="UTF-8" ?>  
<!DOCTYPE mapper PUBLIC "-//mybatis.org//DTD Mapper 3.0//EN"  
"http://mybatis.org/dtd/mybatis-3-mapper.dtd">
<mapper namespace="com.ubtechinc.mapper.ActivityDetailDao">

	
	<insert id="saveActivityDetail" parameterType="java.util.List">
		insert into operation_activity_detail
		(
			activity_id, 
			start_time,
			end_time,
			activity_desc,
			create_time,
			update_time
		)
		values
		<foreach collection="list" item="item" index="index" separator="," >
		(
			#{item.activityId}, 
			#{item.startTime},
			#{item.endTime},
			#{item.activityDesc},
			SYSDATE(),
			SYSDATE()
		)
		</foreach>
	</insert>
	
	<update id="deleteActivittyDetail" parameterType="Integer">
		update operation_activity_detail
		set is_deleted = 1
		where activity_id = #{activityId}
	</update>

	<resultMap type="ActivityDetailDo" id="detailsMap">
		<result column="activity_id" property="activityId" />
		<result column="start_time" property="startTime" />
		<result column="end_time" property="endTime" />
		<result column="activity_desc" property="activityDesc" />
		<result column="create_time" property="createTime" />
		<result column="update_time" property="updateTime" />
	</resultMap>

	<select id="queryActivityDetails" parameterType="Integer" resultMap="detailsMap">
		select 
			activity_id, 
			start_time,
			end_time,
			activity_desc,
			create_time,
			update_time
		from operation_activity_detail
		where activity_id = #{activityId}
	</select>
</mapper>  

