<?xml version="1.0" encoding="UTF-8" ?>  
<!DOCTYPE mapper PUBLIC "-//mybatis.org//DTD Mapper 3.0//EN"  
"http://mybatis.org/dtd/mybatis-3-mapper.dtd">
<mapper namespace="com.ubtechinc.mapper.ActivityInfoDao">

	<resultMap type="ActivityDo" id="activitiesMap">
		<id column="activity_id" property="activityId" />
		<result column="heading" property="heading" />
		<result column="subheading" property="subheading" />
		<result column="language" property="language" />
		<result column="area" property="area" />
		<result column="release_time" property="releaseTime" />
		<result column="activity_status" property="activityStatus" />
		<result column="activity_type" property="activityType" />
		<result column="display_image" property="displayImage" />
		<result column="create_time" property="createTime" />
		<result column="update_time" property="updateTime" />
	</resultMap>

	<select id="queryActivities" parameterType="ActivityDo" resultMap="activitiesMap">
		select 
			activity_id,
			heading, 
			subheading, 
			language, 
			area, 
			release_time, 
			activity_status, 
			activity_type, 
			display_image, 
			create_time, 
			update_time
		from operation_activity_info 
		where is_deleted = 0
		<if test="heading != null and heading != ''">
			and heading LIKE concat(concat('%',#{heading}),'%')
		</if>
		<if test="subheading != null and subheading != ''">
			and subheading LIKE concat(concat('%',#{subheading}),'%')
		</if>
	</select>

	<select id="queryActivityById" parameterType="Integer" resultType="ActivityDo">
		select 
			ai.activity_id,
			ai.heading,
			ai.subheading,
			ai.language,
			ai.area,
			ai.release_time,
			ai.activity_status,
			ai.activity_type,
			ai.display_image,
			ad.start_time,
			ad.end_time,
			ad.activity_desc
		from operation_activity_info ai
		join operation_activity_detail ad on ai.activity_id = ad.activity_id and ad.is_deleted = 0
			<![CDATA[ and ad.start_time < sysdate() and ad.end_time > sysdate() ]]>
		where ai.is_deleted = 0 and ai.activity_id=#{activityId}
	</select>	
	
	<insert id="addActivity" parameterType="ActivityDo" useGeneratedKeys="true" keyProperty="activityId">
		insert into operation_activity_info(
			heading, 
			subheading, 
			language, 
			area, 
			release_time, 
			activity_status, 
			activity_type, 
			display_image, 
			create_time, 
			update_time)
		values(
			#{heading}, 
			#{subheading}, 
			#{language}, 
			#{area}, 
			#{releaseTime}, 
			#{activityStatus}, 
			#{activityType}, 
			#{displayImage}, 
			SYSDATE(), 
			SYSDATE())
	</insert>
	
	<select id="queryObject" parameterType="Integer" resultType="ActivityDo">
		select 
			activity_id,
			heading,
			subheading,
			language,
			area,
			release_time,
			start_time,
			end_time,
			activity_status,
			activity_type,
			display_image,
			activity_desc,
			create_time,
			update_time,
			is_deleted
		from operation_activity_info
		where activity_id = #{activityId} and is_deleted = 0 	
	</select>
	
	<update id="updateActivity" parameterType="ActivityDo">
		update operation_activity_info
			set heading = #{heading}, 
				subheading = #{subheading}, 
				language = #{language}, 
				area = #{area}, 
				release_time = #{releaseTime}, 
				activity_status = #{activityStatus}, 
				activity_type = #{activityType}, 
				display_image = #{displayImage}, 
				update_time = SYSDATE()
		where activity_id = #{activityId}
	</update>
	
	<update id="deleteActivity" parameterType="Integer">
		update operation_activity_info
		set is_deleted = 1, update_time = SYSDATE()
		where activity_id = #{id}
	</update>
	
	<resultMap type="ActivityShareDo" id="shareMap">
		<result column="awards_id" property="awardsId" />
		<result column="heading" property="heading" />
		<result column="rewards_name" property="rewardsName" />
		<result column="quantity" property="quantity" />
		<result column="model_id" property="modelId" />
		<result column="model_name" property="modelName" />
		<result column="file_path" property="filePath" />
		<result column="nick_name" property="nickName" />
	</resultMap>
	
	<select id="queryActivityShareInfo" parameterType="Integer" resultMap="shareMap" >
		SELECT
			wa.awards_id,	
			ai.heading,
			ar.rewards_name,
			ar.quantity,
			jimudb.jimu_model_info.model_id,
			jimudb.jimu_model_info.model_name,
			f.file_path,
			IFNULL(ubxdb.ybx_user_info.nick_name, '') AS nick_name	
		FROM operation_work_awards wa
		JOIN operation_activity_info ai ON ai.activity_id = wa.activity_id AND ai.is_deleted = 0
		JOIN operation_activity_rewards ar ON ar.rewards_id = wa.award_id AND ar.is_deleted = 0
		JOIN jimudb.jimu_model_info ON jimudb.jimu_model_info.model_id = wa.work_id AND jimudb.jimu_model_info.is_deleted = '0' AND is_released = '1'
		LEFT JOIN  (
		    SELECT file_path, model_id FROM jimudb.jimu_file_upload
		    WHERE file_type = '1' AND order_num = 0 
		) f ON f.model_id = jimudb.jimu_model_info.model_id
		LEFT JOIN ubxdb.ybx_user_info ON ubxdb.ybx_user_info.user_id = jimudb.jimu_model_info.model_created_id
		WHERE wa.is_deleted = 0 AND wa.activity_id = #{activityId}
		ORDER BY ar.order_id
	</select>
</mapper>  
