<?xml version="1.0" encoding="UTF-8" ?>  
<!DOCTYPE mapper PUBLIC "-//mybatis.org//DTD Mapper 3.0//EN"  
"http://mybatis.org/dtd/mybatis-3-mapper.dtd">
<mapper namespace="com.ubtechinc.mapper.AwardsDao">
	
	<resultMap type="AwardsDo" id="resultMap">
		<id column="awards_id" property="awardsId" />
		<result column="activity_id" property="activityId" />
		<result column="work_id" property="workId" />
		<result column="model_name" property="workName" />
		<result column="model_description" property="workDescription" />
		<result column="filePath" property="filePath" />
		<result column="compressImagePath" property="compressImagePath" />
		<result column="model_check_num" property="browseNum" />
		<result column="model_praise_num" property="praiseNum" />
		<result column="model_comment_num" property="commentNum" />
		<result column="model_share_num" property="shareNum" />
		<result column="rewards_id" property="rewardsId" />
		<result column="rewards_name" property="rewardsName" />
		<result column="quantity" property="quantity" />
		<result column="order_id" property="orderId" />
	</resultMap>	
	
	<select id="queryActivityAwards" parameterType="Integer" resultMap="resultMap">
		SELECT 
			aw.awards_id,
			aw.activity_id,
			aw.work_id,
			m.model_name,
			m.model_description,
			file1.file_path filePath,
			compfile.file_path compressImagePath,
			m.model_check_num,
			m.model_praise_num,
			m.model_comment_num,
			m.model_share_num,
			aw.rewards_id, 
			rw.rewards_name,
			rw.quantity,
			rw.order_id
		FROM operation_work_awards aw
		JOIN operation_activity_rewards rw ON aw.rewards_id = rw.rewards_id AND rw.is_deleted = 0
		JOIN jimudb.jimu_model_info m ON m.model_id = aw.work_id AND m.audit_status = 1 AND m.is_deleted = 0
		LEFT JOIN (
		  SELECT  model_id, MIN(file_path) AS file_path FROM jimudb.jimu_file_upload jf 
		  WHERE jf.file_type = '1'
		  GROUP BY model_id  
		  ORDER BY MIN(jf.order_num) 
		) file1 ON file1.model_id = m.model_id 
		LEFT JOIN (
		  SELECT model_id, file_path AS file_path  FROM jimudb.jimu_file_upload jf 
		  WHERE jf.file_type = '1'  AND jf.file_Name = 'compress.png'  
		) compfile ON compfile.model_id = m.model_id  
		WHERE aw.is_deleted = 0 AND aw.activity_id = #{activityId}
		ORDER BY rw.order_id
	</select>
	
	<insert id="awardWorks" parameterType="AwardsDo" useGeneratedKeys="true" keyProperty="awardsId">
		insert into operation_work_awards
		(
			activity_id, 
			work_id,
			rewards_id,
			create_time,
			update_time
		)
		values
		(
			#{activityId}, 
			#{workId},
			#{rewardsId},
			SYSDATE(),
			SYSDATE()
		)
	</insert>
	
	<update id="deleteWorks" parameterType="Integer">
		update operation_work_awards set
			is_deleted = 1,
			update_time = SYSDATE()
		where awards_id = #{awardsId}	
	</update>
	
</mapper>  

