<?xml version="1.0" encoding="UTF-8" ?>  
<!DOCTYPE mapper PUBLIC "-//mybatis.org//DTD Mapper 3.0//EN"  
"http://mybatis.org/dtd/mybatis-3-mapper.dtd">
<mapper namespace="com.ubtechinc.mapper.CommentDao">

	<resultMap type="CommentDo" id="commentsMap">
		<id column="comment_id" property="commentId" />
		<result column="comment_context" property="commentContext" />
		<result column="activity_id" property="activityId" />
		<result column="user_id" property="userId" />
		<result column="user_name" property="userName" />
		<result column="re_user_name" property="replyUserName" />
		<result column="user_image" property="userImage" />
		<result column="praise_num" property="praiseNum" />
		<result column="has_praised" property="hasPraised" />
		<result column="create_time" property="createTime" />
		<result column="update_time" property="updateTime" />
		<result column="remark" property="remark" />
		<result column="is_deleted" property="isDeleted" />
	</resultMap>

	<select id="queryActivityComments" parameterType="CommentDo" resultMap="commentsMap">
		SELECT 
			t.comment_id,
			t.comment_context,
			t.activity_id,
			t.user_id,
			ifnull(u.nick_name, '') as user_name,
			IFNULL(u1.nick_name, '') AS re_user_name,
			u.user_image,
			t.reply_comment_id,
			t.praise_num,
			t.create_time, 
			t.update_time,
			t.remark,
			t.is_deleted,
			CASE WHEN p.praise_id > 0 THEN 1 ELSE 0 END AS has_praised
		FROM operation_work_comment t
		LEFT JOIN (
			SELECT * FROM operation_work_comment
			WHERE is_deleted = 0 AND activity_id = #{activityId}
			ORDER BY praise_num DESC
		LIMIT 0,2) t1 ON t1.comment_id = t.comment_id
		JOIN ubxdb.ybx_user_info u ON t.user_id = u.user_id
		LEFT JOIN operation_work_praise p ON p.comment_id = t.comment_id AND p.is_deleted = 0 AND p.user_id = #{userId}
		LEFT JOIN operation_work_comment rc ON rc.comment_id = t.reply_comment_id AND rc.is_deleted = 0
		LEFT JOIN ubxdb.ybx_user_info u1 ON rc.user_id = u1.user_id
		WHERE t.is_deleted = 0 AND t.activity_id = 1
		ORDER BY t1.praise_num DESC, t.create_time
		limit #{startIndex}, #{pageSize}
	</select>
	
	<insert id="addComment" parameterType="CommentDo" useGeneratedKeys="true" keyProperty="commentId">
		insert into operation_work_comment(
			comment_context, 
			activity_id, 
			user_id, 
			praise_num,  
			reply_comment_id,
			create_time, 
			update_time)
		values(
			#{commentContext}, 
			#{activityId}, 
			#{userId}, 
			#{praiseNum},
			#{replyCommentId},
			SYSDATE(), 
			SYSDATE())
	</insert>
	
	<select id="getComment" parameterType="Integer" resultType="CommentDo">
		select 
			c.comment_id,
			c.comment_context,
			activity_id,
			c.user_id,
			ifnull(u.nick_name, '') as userName,
			u.user_image as userImage,
			c.praise_num,
			c.create_time, 
			c.update_time,
			c.remark,
			c.is_deleted
		from operation_work_comment c
		join ubxdb.ybx_user_info u on c.user_id = u.user_id
		where is_deleted = 0 and comment_id = #{commentId}
		
	</select>
	
	<update id="deleteComment" parameterType="Integer">
		update operation_work_comment
		set is_deleted = 1
		where comment_id = #{commentId}
	</update>
	
	<update id="updatePraiseNum" parameterType="CommentDo">
		update operation_work_comment
		set praise_num = #{praiseNum}
		where comment_id = #{commentId}
	</update>
	
</mapper>  
