<?xml version="1.0" encoding="UTF-8" ?>  
<!DOCTYPE mapper PUBLIC "-//mybatis.org//DTD Mapper 3.0//EN"  
"http://mybatis.org/dtd/mybatis-3-mapper.dtd">
<mapper namespace="com.ubtechinc.mapper.RewardsDao">
	
	<resultMap type="RewardsDo" id="resultMap">
		<id column="rewards_id" property="rewardsId" />
		<result column="rewards_name" property="rewardsName" />
		<result column="quantity" property="quantity" />
		<result column="score" property="score" />
		<result column="empirical_value" property="empiricalValue" />
		<result column="award" property="award" />
		<result column="awards_method" property="awardsMethod" />
		<result column="awards_desc" property="awardsDesc" />
		<result column="activity_id" property="activityId" />
		<result column="order_id" property="orderId" />
		<result column="create_time" property="createTime" />
		<result column="update_time" property="updateTime" />
	</resultMap>	
	
	<select id="queryRewardsByActivity" parameterType="Integer" resultMap="resultMap">
		select 
			rewards_id,
			rewards_name, 
			quantity,
			score,
			empirical_value,
			award,
			awards_method,
			awards_desc,
			activity_id,
			order_id,
			create_time,
			update_time	
		from operation_activity_rewards
		where activity_id = #{activityId} and is_deleted = 0	
	</select>
	
	
	<insert id="saveActivityRewards" parameterType="java.util.List">
		insert into operation_activity_rewards
		(
			rewards_name, 
			quantity,
			score,
			empirical_value,
			award,
			awards_method,
			awards_desc,
			activity_id,
			order_id,
			create_time,
			update_time
		)
		values
		<foreach collection="list" item="item" index="index" separator="," >
		(
			#{item.rewardsName}, 
			#{item.quantity},
			#{item.score},
			#{item.empiricalValue},
			#{item.award},
			#{item.awardsMethod},
			#{item.awardsDesc},
			#{item.activityId},
			#{item.orderId},
			SYSDATE(),
			SYSDATE()
		)
		</foreach>
	</insert>

	<update id="updateBatchRewrads" parameterType="java.util.List">  
		<foreach collection="list" item="item" index="index" open="" close="" separator=";">
			update operation_activity_rewards set
				rewards_name = #{item.rewardsName}, 
				quantity = #{item.quantity},
				score = #{item.score},
				empirical_value = #{item.empiricalValue},
				award = #{item.award},
				awards_method = #{item.awardsMethod},
				awards_desc = #{item.awardsDesc},
				activity_id = #{item.activityId},
				order_id = #{item.orderId},
				update_time = SYSDATE()
			where rewards_id = #{item.rewardsId}   
		</foreach>
	</update>
	
	<update id="deleteActivityRewards" parameterType="Integer">
		update operation_activity_rewards set
			is_deleted = 1,
			update_time = SYSDATE()
		where activity_id = #{activityId}	
	</update>
	
	<select id="queryDefaultRewards" parameterType="Integer" resultType="RewardsDo">
		select 
			rewards_id,
			rewards_name, 
			quantity,
			score,
			empirical_value,
			award,
			awards_method,
			awards_desc,
			activity_id,
			order_id,
			create_time,
			update_time
		from operation_activity_rewards
		where activity_id = #{activityId} and is_deleted = 0 and quantity = -1
	</select>
</mapper>  

