<?xml version="1.0" encoding="UTF-8" ?>  
<!DOCTYPE mapper PUBLIC "-//mybatis.org//DTD Mapper 3.0//EN"  
"http://mybatis.org/dtd/mybatis-3-mapper.dtd">
<mapper namespace="com.ubtechinc.mapper.TaskDao">


	<sql id="user_task_columns">
		id,
		user_id,
		task_id,
		task_type,
		status,
		operation_count,
		award_status,
		remark

	</sql>
		
	

    <!-- 用户日常任务 ,获取当日的任务，或者进行中的任务，或者未领奖的任务 -->
	<select id="getUserDailyTask" resultType="UserTask">
		select
		<include refid="user_task_columns"></include>
		from ybx_user_task
		where
		task_type=1 
		and user_id=#{userId}
		and ( modify_time>DATE_FORMAT(NOW(),'%Y-%m-%d')or status=1 or (status=2 and award_status=0 ))

	</select>
	
	<select id="getTaskByTaskId" resultType="TaskInfo">
		select a.task_id,
		a.task_type,
		a.task_status,
		a.robot_type,
		a.operation_count,
		a.user_count,
		a.award_type,
		a.award_num,
		a.before_task,
		a.begin_time,
		a.end_time,
		a.remark
		from ybx_task_info a 
		where a.task_id=#{taskId};
	</select>
	
	<select id="getDailyTask" resultType="TaskInfo">
		select a.task_id,
		a.task_type,
		a.task_status,
		a.robot_type,
		a.operation_count,
		a.user_count,
		a.award_type,
		a.award_num,
		a.before_task,
		a.begin_time,
		a.end_time,
		a.remark,
		task_name,
		task_desc
		from ybx_task_info a LEFT JOIN ybx_task_desc b on a.task_id=b.task_id
		where a.robot_type=#{robotType} and b.language=#{language} and a.task_status=1 and task_type=1;
	</select>

	<insert id="addUserTask" parameterType="UserTask">
		insert into ybx_user_task(user_id,task_id,task_type,status,operation_count,award_status,create_time)
		values(#{userId},#{taskId},#{taskType},#{status},#{operationCount},#{awardStatus},now())
	</insert>
	
	<select id="getAwards" resultType="TaskAward">
		select id,task_id,award_type,award_num,remark
		from ybx_task_award
		where task_id=#{taskId}
	</select>
	
	<select id="getUserTask" resultType="UserTask">
		select
		<include refid="user_task_columns"></include>
		from ybx_user_task
		where task_id=#{taskId} and user_id=#{userId}
		<if test="taskType==2"><!-- 引导任务 -->
			and task_type=2 and award_status=0 
		</if>
		<if test="taskType==1"><!-- 日常任务，则只查询有效的任务:及状态为未完成，并且修改时间为今天，或者是进行中的任务 -->
			and task_type=1 and (( modify_time>DATE_FORMAT(NOW(),'%Y-%m-%d') and status=0) or status=1 or(status=2 and award_status=0 ) )
		</if>
		
		
	</select>

	<update id="modifyUserTask" parameterType="UserTask">
		update ybx_user_task
		set status=#{status},operation_count=#{operationCount},award_status=#{awardStatus}
		where id=#{id}
		
	</update>
	
	
	
	
	<select id="getGuidTask" resultType="com.ubtechinc.model.TaskInfoModel">
		select a.task_id,b.task_name,b.task_desc,c.status,
		c.operation_count,a.operation_count as total_count 
		
		from ybx_task_info a 
		LEFT JOIN ybx_task_desc b on a.task_id=b.task_id 
		left join ybx_user_task c on a.task_id=c.task_id
		where c.user_id=#{userId} and b.language=#{language}  and a.robot_type=#{robotType}
		and a.task_type=2 
		and a.task_status=1
			
	</select>
	
	<insert id="addAllGuidTask">
	insert into ybx_user_task(user_id,task_id,task_type,status,create_time)
		select #{userId},task_id,task_type,0,now() from ybx_task_info
		where task_type=2 and task_status=1;
	
	</insert>
	

</mapper>  
