<?xml version="1.0" encoding="UTF-8" ?>
<!DOCTYPE mapper PUBLIC "-//mybatis.org//DTD Mapper 3.0//EN" "http://mybatis.org/dtd/mybatis-3-mapper.dtd" >
<mapper namespace="com.ubtechinc.mapper.UserAssetRecordDao" >

 
  
  <sql id="Base_Column_List" >
    id, user_id, asset_type, asset_num, task_id, record_desc, remark, modify_time, 
    create_time
  </sql>
  
  
  <insert id="saveByRecord" parameterType="UserAssetRecord" >
    insert into ybx_user_asset_record (id, user_id, asset_type, 
      asset_num, task_id, record_desc, 
      remark, modify_time, create_time
      )
    values (#{id,jdbcType=INTEGER}, #{userId,jdbcType=INTEGER}, #{assetType,jdbcType=INTEGER}, 
      #{assetNum,jdbcType=INTEGER}, #{taskId,jdbcType=INTEGER}, #{recordDesc,jdbcType=VARCHAR}, 
      #{remark,jdbcType=VARCHAR}, #{modifyTime,jdbcType=TIMESTAMP}, #{createTime,jdbcType=TIMESTAMP}
      )
  </insert>
  
  
  <delete id="deleteById" parameterType="java.lang.Integer" >
    delete from ybx_user_asset_record
    where id = #{id}
  </delete>
  
  
  <update id="updateByRecord" parameterType="UserAssetRecord" >
    update ybx_user_asset_record
    <set >
      <if test="userId != null" >
        user_id = #{userId},
      </if>
      <if test="assetType != null" >
        asset_type = #{assetType},
      </if>
      <if test="assetNum != null" >
        asset_num = #{assetNum},
      </if>
      <if test="taskId != null" >
        task_id = #{taskId},
      </if>
      <if test="recordDesc != null and recordDesc != ''" >
        record_desc = #{recordDesc},
      </if>
      <if test="remark != null and remark != ''" >
        remark = #{remark},
      </if>
      <if test="modifyTime != null" >
        modify_time = #{modifyTime},
      </if>
      <if test="createTime != null" >
        create_time = #{createTime},
      </if>
    </set>
    where id = #{id}
  </update>
  
  
  <select id="getById" resultType="UserAssetRecord"  parameterType="java.lang.Integer" >
    select 
    <include refid="Base_Column_List" />
    from ybx_user_asset_record
    where id = #{id}
  </select>
</mapper>