<?xml version="1.0" encoding="UTF-8"?>
<!DOCTYPE mapper PUBLIC "-//mybatis.org//DTD Mapper 3.0//EN" "http://mybatis.org/dtd/mybatis-3-mapper.dtd">
<mapper namespace="com.ubtechinc.mapper.FileMappingMapper">

	<!-- 通用查询映射结果 -->
	<resultMap id="BaseResultMap" type="com.ubtechinc.entity.FileMapping">
		<id column="id" property="id" />
		<result column="key" property="key" />
		<result column="url" property="url" />
		<result column="hash" property="hash" />
		<result column="size" property="size" />
		<result column="parent" property="parent" />
		<result column="folder" property="folder" />
		<result column="filename" property="filename" />
		<result column="extention" property="extention" />
		<result column="mimetype" property="mimetype" />
		<result column="duration" property="duration" />
		<result column="downloads" property="downloads" />
		<result column="uploaded" property="uploaded" />
		<result column="creator" property="creator" />
		<result column="updated" property="updated" />
		<result column="updater" property="updater" />
		<result column="owner_id" property="ownerId" />
	</resultMap>

</mapper>
