<?xml version="1.0" encoding="UTF-8"?>
<!DOCTYPE mapper PUBLIC "-//mybatis.org//DTD Mapper 3.0//EN" "http://mybatis.org/dtd/mybatis-3-mapper.dtd">
<mapper namespace="com.ubtechinc.mapper.FileOwnerMapper">

	<!-- 通用查询映射结果 -->
	<resultMap id="BaseResultMap" type="com.ubtechinc.entity.FileOwner">
		<id column="owner_id" property="ownerId" />
		<result column="user_type" property="userType" />
		<result column="u_id" property="uId" />
		<result column="limit_size" property="limitSize" />
		<result column="from_product" property="fromProduct" />
		<result column="is_delete" property="isDelete" />
		<result column="create_time" property="createTime" />
		<result column="creator" property="creator" />
	</resultMap>

</mapper>
