{
    "code": 0,
    "page": {
        "currPage": 1,
        "pageSize": 10,
        "totalCount": 3,
        "totalPage": 1,
        "list": [
            {
                "activityId": 2,
                "activityType": 3,
                "displayImage": "../images",
                "heading": "时尚芭莎活动1",
                "startTime": "2017-09-21 09:00",
                "endTime": "2017-09-23 10:00",
                "commentTimes": 5,
                "browseTimes": 10,
                "partInTimes": 10,
                "shareTimes": 11
            },
            {
                "activityId": 3,
                "activityType": 3,
                "displayImage": "../images",
                "heading": "时尚芭莎活动1",
                "startTime": "2017-09-21",
                "endTime": "2017-09-23",
                "commentTimes": 5,
                "browseTimes": 10,
                "partInTimes": 10,
                "shareTimes": 11
            }
        ]
    }
}