{
    "code": 0,
    "page": {
        "currPage": 1,
        "pageSize": 10,
        "totalCount": 2,
        "totalPage": 1,
        "list": [
            {
                "userName": "jack",
                "userNo": "22qsak@qq.com",
                "content": "这个挺不错！",
                "createTime": "2017-09-23 10:00"
            },
            {
                "userName": "steven",
                "userNo": "hello",
                "content": "这个挺不错！",
                "createTime": "2017-09-23 10:00"
            }
        ]
    }
}