{
    "code": 0,
    "page": {
        "currPage": 1,
        "pageSize": 10,
        "totalCount": 3,
        "totalPage": 1,
        "list": [
            {
                "filePath": "",
                "modelName": "作品标题1",
                "modelCreatedTime": "2017-09-22 09:00",
                "modelCheckNum": 112,
                "modelCollectNum": 20,
                "modelCommentNum": 30,
                "modelShareNum": 5
            },
            {
                "filePath": "",
                "modelName": "作品标题2",
                "modelCreatedTime": "2017-09-21 09:00",
                "modelCheckNum": 112,
                "modelCollectNum": 20,
                "modelCommentNum": 30,
                "modelShareNum": 5
            }
        ]
    }
}