<!-- - Copyright 1999-2011 Alibaba Group. - - Licensed under the Apache License, 
	Version 2.0 (the "License"); - you may not use this file except in compliance 
	with the License. - You may obtain a copy of the License at - - http://www.apache.org/licenses/LICENSE-2.0 
	- - Unless required by applicable law or agreed to in writing, software - 
	distributed under the License is distributed on an "AS IS" BASIS, - WITHOUT 
	WARRANTIES OR CONDITIONS OF ANY KIND, either express or implied. - See the 
	License for the specific language governing permissions and - limitations 
	under the License. -->
<assembly>
	<id>assembly</id>
	<formats>
		<format>tar.gz</format>
	</formats>
	<includeBaseDirectory>true</includeBaseDirectory>
	<fileSets>
		<fileSet>
			<directory>src/main/assembly/bin</directory>
			<outputDirectory>bin</outputDirectory>
			<fileMode>0755</fileMode>
		</fileSet>
		<fileSet>
			<directory>target/classes</directory>
			<outputDirectory>conf</outputDirectory>
			<includes>
				<include>
					*.properties
				</include>
				<include>
					*.conf
				</include>
				<include>
					*.xml
				</include>
			</includes>
			<fileMode>0644</fileMode>
		</fileSet>
		<fileSet>
			<directory>src/main/assembly/lib</directory>
			<outputDirectory>lib</outputDirectory>
			<includes>
				<include>*.jar</include>
				<include>libwrapper-linux*</include>
			</includes>
		</fileSet>
		<fileSet>
			<directory>src/lib</directory>
			<outputDirectory>lib</outputDirectory>
			<includes>
				<include>*.jar</include>
			</includes>
		</fileSet>
		<fileSet>
			<directory>src/main/assembly/logs</directory>
			<outputDirectory>logs</outputDirectory>
			<excludes>
				<exclude>**/*</exclude>
			</excludes>
		</fileSet>
	</fileSets>
	<dependencySets>
		<dependencySet>
			<outputDirectory>lib</outputDirectory>
		</dependencySet>
	</dependencySets>
</assembly>